{
  "condition": {
    "game": {
      "list": [
        {
          "pathName": "",
          "name": "模拟新版本",
          "query": "",
          "scene": null
        },
        {
          "pathName": "",
          "name": "模拟新版本",
          "query": "",
          "scene": null
        }
      ]
    }
  },
  "description": "项目私有配置文件。此文件中的内容将覆盖 project.config.json 中的相同字段。项目的改动优先同步到此文件中。详见文档：https://developers.weixin.qq.com/miniprogram/dev/devtools/projectconfig.html",
  "projectname": "%E9%A3%8E%E4%B9%8B%E5%8D%B7%E8%BD%B4-A2"
}