<res>
   <item name="ui/bg_2.png" type="Image" compress="0" pack="0" quality="80" props="sizeGrid=10,10,10,10" picType="0" scale="0"/>
   <item name="ui/bg_1.png" type="Image" compress="0" pack="1" quality="80" props="" picType="0" scale="0"/>
   <item name="ui/bg_5.png" type="Image" compress="0" pack="1" quality="80" props="" picType="0" scale="0"/>
   <item name="ui/di_3.png" type="Image" compress="0" pack="1" quality="80" props="" picType="0" scale="0"/>
   <item name="ui/di_4.png" type="Image" compress="0" pack="0" quality="80" props="sizeGrid=1,10,1,93" picType="0" scale="0"/>
   <item name="ui/head.png" type="Image" compress="0" pack="1" quality="80" props="" picType="0" scale="0"/>
   <item name="bag/9gong.png" type="Image" compress="0" pack="0" quality="80" props="sizeGrid=28,22,26,24" picType="0" scale="0"/>
   <item name="bag/btn_4.png" type="Button" compress="0" pack="0" quality="80" props="labelColors=#8e4a38,#8e4a38,#8e4a38,#8e4a38" picType="0" scale="0"/>
   <item name="alert/di_9gongge_2.png" type="Image" compress="0" pack="0" quality="80" props="sizeGrid=110,110,110,110" picType="0" scale="0"/>
   <item name="common_sg/9g_tongyong_1.png" type="Image" compress="0" pack="0" quality="80" props="width=584@@!@@sizeGrid=23,14,23,14" picType="0" scale="0"/>
   <item name="common/jdt_tongyong_2.png" type="Image" compress="0" pack="0" quality="80" props="sizeGrid=0,10,0,10" picType="0" scale="0"/>
   <item name="common_sg/9g_tongyong_5.png" type="Image" compress="0" pack="0" quality="80" props="sizeGrid=0,16,0,16" picType="0" scale="0"/>
   <item name="common/btn_tongyong_1.png" type="Button" compress="0" pack="0" quality="80" props="labelColors=#ffffff,#9e4c65,#9e4c65,#fffff@@!@@labelSize=26@@!@@labelStroke=2@@!@@strokeColors=#9e4c65,#ffffff,#fffff,#9e4c65@@!@@labelFont=SimHei@@!@@sizeGrid=0,32,0,32@@!@@labelPadding=0,0,0,0" picType="0" scale="0"/>
   <item name="common/9g_tongyong_2.png" type="Image" compress="0" pack="0" quality="80" props="sizeGrid=110,110,110,110" picType="0" scale="0"/>
   <item name="right_bottom/jdt_zhujiemian_3.png" type="Image" compress="0" pack="0" quality="80" props="sizeGrid=0,6,0,6" picType="0" scale="0"/>
   <item name="alert/dt_tanchuang_1.png" type="Image" compress="0" pack="1" quality="80" props="sizeGrid=140,0,240,0" picType="0" scale="0"/>
   <item name="bottom/dt_zhujiemian_8.png" type="Image" compress="0" pack="1" quality="80" props="" picType="0" scale="0"/>
   <item name="bottom/dt_zhujiemian_7.png" type="Image" compress="0" pack="0" quality="80" props="sizeGrid=18,22,18,22" picType="0" scale="0"/>
   <item name="common/btn_tongyong_25.png" type="Button" compress="0" pack="0" quality="80" props="labelColors=#9d5a19@@!@@" picType="0" scale="0"/>
   <item name="top/未标题-1.png" type="Image" compress="0" pack="0" quality="80" props="sizeGrid=92,20,29,20" picType="0" scale="0"/>
   <item name="common/9g_tongyong_9.png" type="Image" compress="0" pack="0" quality="80" props="sizeGrid=40,14,66,14" picType="0" scale="0"/>
   <item name="common/btn_tongyong_6.png" type="Button" compress="0" pack="0" quality="80" props="labelColors=#9e4c65@@!@@labelSize=28@@!@@labelFont=SimHei@@!@@labelStroke=2@@!@@labelStrokeColor=#ffffa6" picType="0" scale="0"/>
   <item name="common/btn_tongyong_23.png" type="Button" compress="0" pack="0" quality="80" props="labelColors=#9d5119@@!@@labelPadding=-3,0,0,0@@!@@labelSize=28@@!@@labelFont=SimHei" picType="0" scale="0"/>
   <item name="common/btn_tongyong_18.png" type="Button" compress="0" pack="0" quality="80" props="labelColors=#ffffff@@!@@labelSize=28@@!@@labelFont=SimHei@@!@@labelStroke=2@@!@@labelStrokeColor=#8a50a1@@!@@x=366@@!@@@@!@@" picType="0" scale="0"/>
   <item name="quick_use/dt_tanchuang_3.png" type="Image" compress="0" pack="0" quality="80" props="sizeGrid=110,110,110,110" picType="0" scale="0"/>
   <item name="goldbody/bj_jinshen.jpg" type="Image" compress="0" pack="0" quality="80" props="" picType="0" scale="0"/>
   <item name="common/9g_tongyong_6.png" type="Image" compress="0" pack="0" quality="80" props="sizeGrid=0,20,0,20,0" picType="0" scale="0"/>
   <item name="common/9g_tongyong_7.png" type="Image" compress="0" pack="0" quality="80" props="sizeGrid=0,14,0,14" picType="0" scale="0"/>
   <item name="common_sg/9g_tongyong_10.png" type="Image" compress="0" pack="0" quality="80" props="sizeGrid=12,14,12,12" picType="0" scale="0"/>
   <item name="common/9g_tongyong_17.png" type="Image" compress="0" pack="0" quality="80" props="sizeGrid=16,28,16,28" picType="0" scale="0"/>
   <item name="singleboss/dt_boss_1.png" type="Image" compress="0" pack="0" quality="80" props="" picType="0" scale="0"/>
   <item name="common_sg/9g_tongyong_15.png" type="Image" compress="0" pack="0" quality="80" props="sizeGrid=12,40,12,40" picType="0" scale="0"/>
   <item name="common/9g_tongyong_17.png" type="Image" compress="0" pack="0" quality="80" props="sizeGrid=28,28,18,28" picType="0" scale="0"/>
   <item name="common/dt_tishi_1.png" type="Image" compress="0" pack="0" quality="80" props="sizeGrid=14,84,14,84@@!@@width=278" picType="0" scale="0"/>
   <item name="common/btn_tongyong_24.png" type="Button" compress="0" pack="0" quality="80" props="labelColors=#465460@@!@@labelPadding=-3,0,0,0@@!@@labelSize=28@@!@@labelFont=SimHei" picType="0" scale="0"/>
   <item name="common_sg/9g_tongyong_14.png" type="Image" compress="0" pack="0" quality="80" props="sizeGrid=0,76,0,76" picType="0" scale="0"/>
   <item name="common_sg/9g_tongyong_16.png" type="Image" compress="0" pack="0" quality="80" props="sizeGrid=12,64,12,64" picType="0" scale="0"/>
   <item name="compose/btn_tanchuang_02.png" type="Button" compress="0" pack="1" quality="80" props="" picType="0" scale="0"/>
   <item name="left_top/dt_zhujiemian_11.png" type="Image" compress="0" pack="0" quality="80" props="sizeGrid=0,30,0,0" picType="0" scale="0"/>
   <item name="common_sg/9g_tongyong_24.png" type="Image" compress="0" pack="0" quality="80" props="sizeGrid=0,14,0,14" picType="0" scale="0"/>
   <item name="bottom/txtbg_mainui_ltk.png" type="Image" compress="0" pack="0" quality="80" props="sizeGrid=0,18,0,18" picType="0" scale="0"/>
   <item name="bottom/bg0_mainui_bottom.png" type="Image" compress="0" pack="2" quality="80" props="" picType="0" scale="0"/>
   <item name="bottom/progress1_mainui_gq.png" type="Image" compress="0" pack="0" quality="80" props="sizeGrid=0,72,0,21" picType="0" scale="0"/>
   <item name="left_bottom/progress1_mainui_gq.png" type="Image" compress="0" pack="0" quality="80" props="sizeGrid=0,4,0,4" picType="0" scale="0"/>
   <item name="top/txtbg_mainui_zyd.png" type="Image" compress="0" pack="0" quality="80" props="sizeGrid=-108,37,-94,22" picType="0" scale="0"/>
   <item name="left_top/progress_mainui_jdt03.png" type="Image" compress="0" pack="0" quality="80" props="" picType="0" scale="0"/>
   <item name="rune/common_txtbg02.png" type="Image" compress="0" pack="0" quality="80" props="sizeGrid=0,32,0,32" picType="0" scale="0"/>
   <item name="rune/common_txtbg01.png" type="Image" compress="0" pack="0" quality="80" props="sizeGrid=0,18,0,18" picType="0" scale="0"/>
   <item name="rune/txtbg_common_txtbg01.png" type="Image" compress="0" pack="0" quality="80" props="sizeGrid=0,18,0,18" picType="0" scale="0"/>
   <item name="rune/image_common_txtbg02.png" type="Image" compress="0" pack="0" quality="80" props="sizeGrid=0,32,0,32" picType="0" scale="0"/>
   <item name="sprint_rank/txtbg_common_txtbg.png" type="Image" compress="0" pack="0" quality="80" props="sizeGrid=0,30,0,30" picType="0" scale="0"/>
   <item name="common_sg/9g_tongyong_21.png" type="Image" compress="0" pack="0" quality="80" props="sizeGrid=0,10,0,10" picType="0" scale="0"/>
   <item name="common_sg/9g_tongyong_19.png" type="Image" compress="0" pack="0" quality="80" props="sizeGrid=0,12,0,12" picType="0" scale="0"/>
   <item name="guide/selected_xsyd_xzk.png" type="Image" compress="0" pack="0" quality="80" props="sizeGrid=32,32,32,32" picType="0" scale="0"/>
   <item name="common_sg/panel_common_bg3.png" type="Image" compress="0" pack="0" quality="80" props="sizeGrid=40,10,66,10" picType="0" scale="0"/>
   <item name="common_sg/tipspanel_common_bg1.png" type="Image" compress="0" pack="0" quality="80" props="sizeGrid=56,84,30,84" picType="0" scale="0"/>
   <item name="common_sg/split_common_fgx7.png" type="Image" compress="0" pack="0" quality="80" props="sizeGrid=0,54,0,54@@!@@width=664" picType="0" scale="0"/>
   <item name="common_sg/txtbg_common_titlebg.png" type="Image" compress="0" pack="0" quality="80" props="sizeGrid=0,190,0,190" picType="0" scale="0"/>
   <item name="common/panel_common_bg7.png" type="Image" compress="0" pack="0" quality="80" props="sizeGrid=200,0,200,0" picType="0" scale="0"/>
   <item name="common_sg/panel_common_bg8.png" type="Image" compress="0" pack="0" quality="80" props="sizeGrid=0,62,0,62@@!@@width=275" picType="0" scale="0"/>
   <item name="common/panel_common_bg1.png" type="Image" compress="0" pack="0" quality="80" props="x=-10@@!@@y=45" picType="0" scale="0"/>
   <item name="common/panel_common_tipsbg2.png" type="Image" compress="0" pack="0" quality="80" props="" picType="0" scale="0"/>
   <item name="common_sg/panel_common_bg10.png" type="Image" compress="0" pack="0" quality="80" props="sizeGrid=8,3,6,3@@!@@width=162@@!@@height=45" picType="0" scale="0"/>
   <item name="common_sg/label_commmon_num2.png" type="Image" compress="0" pack="0" quality="80" props="sizeGrid=6,6,6,6@@!@@width=164@@!@@height=46" picType="0" scale="0"/>
   <item name="common_sg/txtbg_common_bg6.png" type="Image" compress="0" pack="0" quality="80" props="sizeGrid=0,36,0,36@@!@@width=279" picType="0" scale="0"/>
   <item name="common_sg/txtbg_common_bg15.png" type="Image" compress="0" pack="0" quality="80" props="sizeGrid=0,16,0,16@@!@@width=207" picType="0" scale="0"/>
   <item name="common_sg/iconbg_common_iconbg1.png" type="Image" compress="0" pack="0" quality="80" props="sizeGrid=20,0,80,0@@!@@height=300" picType="0" scale="0"/>
   <item name="common_sg/split_common_fgx3.png" type="Image" compress="0" pack="0" quality="80" props="sizeGrid=0,70,0,70@@!@@width=464" picType="0" scale="0"/>
   <item name="common_sg/txtbg_common_tipsbg.png" type="Image" compress="0" pack="0" quality="80" props="sizeGrid=10,92,10,92" picType="0" scale="0"/>
   <item name="compose/btn_common_yq1.png" type="Button" compress="0" pack="0" quality="80" props="stateNum=2@@!@@sizeGrid=0,53,0,51@@!@@labelSize=26@@!@@labelFont=SimHei@@!@@labelColors=#51628D,#985C53" picType="0" scale="0"/>
   <item name="player/bj_1.png" type="Image" compress="0" pack="0" quality="80" props="sizeGrid=25,28,25,28" picType="0" scale="0"/>
   <item name="common_sg/progress_common_jdt1_0.png" type="Image" compress="0" pack="0" quality="80" props="sizeGrid=0,26,0,26@@!@@width=484" picType="0" scale="0"/>
   <item name="common_sg/progress_common_jdt1_1.png" type="Image" compress="0" pack="0" quality="80" props="sizeGrid=0,26,0,26@@!@@width=482" picType="0" scale="0"/>
   <item name="common_sg/image_common_hszz.png" type="Image" compress="0" pack="0" quality="80" props="sizeGrid=8,8,8,8" picType="0" scale="0"/>
   <item name="common/split_common_fgx2.png" type="Image" compress="0" pack="2" quality="80" props="width=660@@!@@height=88" picType="0" scale="0"/>
   <item name="common_sg/txtbg_common_bg1.png" type="Image" compress="0" pack="0" quality="80" props="sizeGrid=28,28,18,28" picType="0" scale="0"/>
   <item name="common/btn_tonyong_35.png" type="Button" compress="0" pack="0" quality="80" props="labelColors=#ffffff@@!@@labelStroke=2@@!@@labelStrokeColor=#993333@@!@@labelSize=24@@!@@labelFont=SimHei@@!@@sizeGrid=7,7,7,7" picType="0" scale="0"/>
   <item name="arena/btn_ydrk_bg.png" type="Image" compress="0" pack="0" quality="80" props="" picType="0" scale="0"/>
   <item name="common/btn_tonyong_36.png" type="Button" compress="0" pack="0" quality="80" props="labelColors=#ffffff@@!@@labelStroke=2@@!@@labelStrokeColor=#6779c8@@!@@labelSize=24@@!@@labelFont=SimHei" picType="0" scale="0"/>
   <item name="day_pay/label_xsyd_ydshk.png" type="Image" compress="0" pack="0" quality="80" props="" picType="0" scale="0"/>
   <item name="day_pay/label_xsyd_ydtsk.png" type="Image" compress="0" pack="0" quality="80" props="" picType="0" scale="0"/>
   <item name="day_pay/label_rchl_tsk.png" type="Image" compress="0" pack="0" quality="80" props="" picType="0" scale="0"/>
   <item name="day_pay/label_rchl_tskj.png" type="Image" compress="0" pack="0" quality="80" props="" picType="0" scale="0"/>
   <item name="equipment_zu_hun/btn_common_rkbg.png" type="Image" compress="0" pack="0" quality="80" props="" picType="0" scale="0"/>
   <item name="common_sg/panel_common_tipsbg3.png" type="Image" compress="0" pack="0" quality="80" props="" picType="0" scale="0"/>
   <item name="common_sg/txtbg_common_txtbg3.png" type="Image" compress="0" pack="0" quality="80" props="sizeGrid=2,2,2,2" picType="0" scale="0"/>
   <item name="common/btn_tongyong_5.png" type="Button" compress="0" pack="0" quality="80" props="stateNum=1@@!@@labelFont=SimHei@@!@@labelColors=#FFFFFF @@!@@label=-10@@!@@labelStrokeColor=#B47BCB@@!@@labelStroke=2@@!@@labelPadding=1.5,0,0,0@@!@@labelSize=26" picType="0" scale="0"/>
   <item name="xi_lian/btn_zbxl_lock_0.png" type="Image" compress="0" pack="0" quality="80" props="" picType="0" scale="0"/>
   <item name="xi_lian/btn_zbxl_lock_1.png" type="Image" compress="0" pack="0" quality="80" props="" picType="0" scale="0"/>
   <item name="common/btn_common_ydrk.png" type="Image" compress="0" pack="0" quality="80" props="" picType="0" scale="0"/>
   <item name="gloves/btn_wxst_add.png" type="Image" compress="0" pack="0" quality="80" props="" picType="0" scale="0"/>
   <item name="left_bottom/btn_mainui_wxst.png" type="Image" compress="0" pack="0" quality="80" props="" picType="0" scale="0"/>
   <item name="common_sg/9g_tongyong_23.png" type="Image" compress="0" pack="0" quality="80" props="sizeGrid=10,10,10,10" picType="0" scale="0"/>
   <item name="prevent_fool/image_fzp_bg1.jpg" type="Image" compress="0" pack="2" quality="80" props="" picType="0" scale="0"/>
   <item name="prevent_fool/image_fzp_bg2.png" type="Image" compress="0" pack="2" quality="80" props="" picType="0" scale="0"/>
   <item name="prevent_fool/panel_fzp_db2.png" type="Image" compress="0" pack="0" quality="80" props="sizeGrid=8,8,8,8" picType="0" scale="0"/>
   <item name="prevent_fool/panel_fzp_db1.png" type="Image" compress="0" pack="0" quality="80" props="sizeGrid=8,8,8,8" picType="0" scale="0"/>
   <item name="common/btn_tongyong_9.png" type="Button" compress="0" pack="0" quality="80" props="labelColors=#ffffff@@!@@labelSize=28@@!@@labelFont=SimHei@@!@@labelStroke=2@@!@@labelStrokeColor=#9e4c65" picType="0" scale="0"/>
   <item name="common/sz_tongyong_1.png" type="FontClip" compress="0" pack="0" quality="80" props="" picType="0" scale="0"/>
   <item name="common/bj_tongyong_2.png" type="Image" compress="0" pack="0" quality="80" props="top=43@@!@@centerX=0@@!@@mouseEnabled=false@@!@@mouseThrough=true" picType="0" scale="0"/>
   <item name="common/bj_tongyong_1.png" type="Image" compress="0" pack="0" quality="80" props="sizeGrid=396,0,607,0@@!@@centerX=0@@!@@top=74@@!@@width=696@@!@@height=1104" picType="0" scale="0"/>
   <item name="common/btn_tongyong_10.png" type="Button" compress="0" pack="0" quality="80" props="labelColors=#ffffff@@!@@labelSize=28@@!@@labelFont=SimHei@@!@@labelStroke=2@@!@@labelStrokeColor=#8a50a1" picType="0" scale="0"/>
   <item name="common/dikuang.png" type="Image" compress="0" pack="0" quality="80" props="sizeGrid=12,18,20,18" picType="0" scale="0"/>
   <item name="common/shuxingneikuang.png" type="Image" compress="0" pack="0" quality="80" props="sizeGrid=10,20,20,20" picType="0" scale="0"/>
   <item name="common/dt_tongyong_10.png" type="Image" compress="0" pack="0" quality="80" props="" picType="0" scale="0"/>
   <item name="stone/txtbg_xs_bg3.png" type="Image" compress="0" pack="2" quality="80" props="width=200@@!@@height=30" picType="0" scale="0"/>
   <item name="xi_lian/shuxingkuang.png" type="Image" compress="0" pack="0" quality="80" props="sizeGrid=0,40,0,40" picType="0" scale="0"/>
   <item name="email/kuang.png" type="Image" compress="0" pack="0" quality="80" props="sizeGrid=20,20,20,20" picType="0" scale="0"/>
   <item name="common/btn_tongyong_1_1.png" type="Button" compress="0" pack="0" quality="80" props="labelColors=#ffffff,#9e4c65,#9e4c65,#fffff@@!@@labelSize=26@@!@@labelStroke=2@@!@@strokeColors=#9e4c65,#ffffff,#fffff,#9e4c65@@!@@labelFont=SimHei@@!@@sizeGrid=13,32,0,32@@!@@labelPadding=6,0,0,0" picType="1" scale="0"/>
   <item name="common/btn_tongyong_0.png" type="Image" compress="0" pack="0" quality="80" props="y=1106@@!@@width=642@@!@@centerX=-2" picType="0" scale="0"/>
   <item name="vip/btn_vip_qwcz.png" type="Image" compress="0" pack="0" quality="80" props="" picType="0" scale="0"/>
   <item name="common/bj_tongyong_3.png" type="Image" compress="0" pack="0" quality="80" props="centerX=0@@!@@y=77@@!@@width=696@@!@@height=1101" picType="0" scale="0"/>
   <item name="common/bj_tongyong_4.png" type="Image" compress="0" pack="0" quality="80" props="centerX=0" picType="0" scale="0"/>
   <item name="born/shuxingkuang.png" type="Image" compress="0" pack="0" quality="80" props="sizeGrid=46,10,0,10" picType="0" scale="0"/>
   <item name="common/btn_tongyong_12.png" type="Button" compress="0" pack="0" quality="80" props="labelColors=#ffffff@@!@@labelStroke=2@@!@@labelStrokeColor=#993333" picType="0" scale="0"/>
   <item name="common/btn_tonyong_36.png" type="Button" compress="0" pack="0" quality="80" props="labelColors=#ffffff@@!@@labelStroke=2@@!@@labelStrokeColor=#6779c8@@!@@labelSize=24@@!@@labelFont=SimHei@@!@@sizeGrid=7,7,7,7" picType="0" scale="0"/>
   <item name="common/btn_tongyong_11.png" type="Button" compress="0" pack="0" quality="80" props="labelColors=#ffffff@@!@@labelStroke=2@@!@@labelStrokeColor=#b47bcb@@!@@labelSize=24@@!@@labelFont=SimHei@@!@@sizeGrid=7,7,7,7" picType="0" scale="0"/>
   <item name="common/jingdutiao.png" type="Image" compress="0" pack="0" quality="80" props="sizeGrid=5,5,5,5" picType="0" scale="0"/>
   <item name="common/zhuangbeidi.png" type="Image" compress="0" pack="0" quality="80" props="sizeGrid=0,10,0,10" picType="0" scale="0"/>
   <item name="immortal/zz_di_01.png" type="Image" compress="0" pack="0" quality="80" props="sizeGrid=16,20,18,19" picType="0" scale="0"/>
   <item name="xian_dan/image_xdxt_dk.png" type="Image" compress="0" pack="0" quality="80" props="" picType="1" scale="0"/>
   <item name="daily_demon/biaoti01.png" type="Image" compress="0" pack="2" quality="80" props="" picType="0" scale="0"/>
   <item name="common_sg/9g_tongyong_1_1.png" type="Image" compress="0" pack="0" quality="80" props="sizeGrid=20,20,20,20" picType="0" scale="0"/>
   <item name="common/btn_tongyong_13.png" type="Button" compress="0" pack="0" quality="80" props="x=617@@!@@y=28" picType="0" scale="0"/>
   <item name="immortal/zz_tongyong_02.png" type="Image" compress="0" pack="0" quality="80" props="sizeGrid=9,9,9,9" picType="0" scale="0"/>
   <item name="common/btn_tongyong_32.png" type="Button" compress="0" pack="0" quality="80" props="stateNum=1@@!@@labelStrokeColor=#B47BCB@@!@@labelStroke=2@@!@@labelSize=26@@!@@labelFont=SimHei@@!@@labelColors=#FFFFFF@@!@@label=-10" picType="0" scale="0"/>
   <item name="common_sg/tip_di.png" type="Image" compress="0" pack="0" quality="80" props="sizeGrid=20,20,20,20" picType="0" scale="0"/>
   <item name="compose/fendi.png" type="Image" compress="0" pack="0" quality="80" props="sizeGrid=10,10,10,10" picType="0" scale="0"/>
   <item name="compose/di_zi.png" type="Image" compress="0" pack="0" quality="80" props="sizeGrid=13,11,10,7" picType="0" scale="0"/>
   <item name="compose/btn_tanchuang_04.png" type="Button" compress="0" pack="0" quality="80" props="stateNum=2@@!@@labelSize=24@@!@@labelFont=SimHei@@!@@labelColors=#4c5e8a,#4c5e8a" picType="0" scale="0"/>
   <item name="compose/btm_hui.png" type="Image" compress="0" pack="0" quality="80" props="sizeGrid=0,15,0,15" picType="0" scale="0"/>
   <item name="common_sg/di_white02.png" type="Image" compress="0" pack="0" quality="80" props="sizeGrid=16,56,15,51@@!@@" picType="0" scale="0"/>
   <item name="common_sg/zz_di_01.png" type="Image" compress="0" pack="0" quality="80" props="sizeGrid=18,20,18,20" picType="0" scale="0"/>
   <item name="common_sg/9g_tongyong_25.png" type="Image" compress="0" pack="0" quality="80" props="" picType="0" scale="0"/>
   <item name="immortal/dt_lingchong_1.png" type="Image" compress="0" pack="0" quality="80" props="sizeGrid=126,0,108,0" picType="0" scale="0"/>
   <item name="common/bj_tongyong_5.png" type="Image" compress="0" pack="0" quality="80" props="y=0@@!@@x=0" picType="0" scale="0"/>
   <item name="common/touyong_fuli_kuang.jpg" type="Image" compress="0" pack="0" quality="80" props="sizeGrid=25,25,25,25" picType="0" scale="0"/>
   <item name="common/tongyong_biaotou.png" type="Image" compress="0" pack="0" quality="80" props="sizeGrid=0,151,0,87@@!@@x=0@@!@@y=4" picType="0" scale="0"/>
   <item name="common/btn_tonyong_37.png" type="Button" compress="0" pack="0" quality="80" props="labelColors=#ffffff@@!@@labelStroke=2@@!@@labelStrokeColor=#b47bcb@@!@@labelSize=24@@!@@labelFont=SimHei@@!@@sizeGrid=7,7,7,7" picType="0" scale="0"/>
   <item name="common/bj_tongyong_7.png" type="Image" compress="0" pack="0" quality="80" props="y=336@@!@@x=39" picType="0" scale="0"/>
   <item name="common_sg/tanchaung.png" type="Image" compress="0" pack="0" quality="80" props="sizeGrid=22,12,6,35" picType="0" scale="0"/>
   <item name="common/tongyong_mengban.png" type="Image" compress="0" pack="0" quality="80" props="sizeGrid=10,10,10,10" picType="0" scale="0"/>
   <item name="treasure/tab0_xunbao.png" type="Image" compress="0" pack="0" quality="80" props="@@!@@stateNum=2@@!@@name=severList@@!@@labelSize=20@@!@@labelFont=SimHei@@!@@labelColors=#FFFFFF,#BC5F27@@!@@" picType="0" scale="0"/>
   <item name="common/fenggexian5.jpg" type="Image" compress="0" pack="0" quality="80" props="sizeGrid=0,7,0,5" picType="0" scale="0"/>
   <item name="three_worlds/huidi.png" type="Image" compress="0" pack="0" quality="80" props="sizeGrid=10,10,10,10" picType="0" scale="0"/>
   <item name="common_sg/di_02.png" type="Image" compress="0" pack="2" quality="80" props="sizeGrid=30,22,30,272" picType="0" scale="0"/>
   <item name="marry/shang.png" type="Image" compress="0" pack="0" quality="80" props="y=37@@!@@centerX=0" picType="0" scale="0"/>
   <item name="marry/bg_wenzidi.png" type="Image" compress="0" pack="0" quality="80" props="y=280@@!@@x=53@@!@@sizeGrid=5,0,5,0@@!@@width=225@@!@@height=34" picType="0" scale="0"/>
   <item name="marry/bg_xianyuanqiang_liaotian.png" type="Image" compress="0" pack="0" quality="80" props="sizeGrid=21,13,17,15" picType="0" scale="0"/>
   <item name="marry/bg_xyrwdi.png" type="Image" compress="0" pack="2" quality="80" props="sizeGrid=25,213,109,28" picType="0" scale="0"/>
   <item name="common_sg/bg_jindutiao_lan.png" type="Image" compress="0" pack="0" quality="80" props="sizeGrid=5,5,5,5" picType="0" scale="0"/>
   <item name="marry/bg_mingzidi.png" type="Image" compress="0" pack="0" quality="80" props="sizeGrid=6,43,6,37" picType="0" scale="0"/>
   <item name="common/btn_tongyong_10_2.png" type="Button" compress="0" pack="0" quality="80" props="labelColors=#ffffff@@!@@labelSize=28@@!@@labelFont=SimHei@@!@@labelStroke=2@@!@@labelStrokeColor=#887ACA@@!@@x=86" picType="0" scale="0"/>
   <item name="common/iconbox_lt_txkbg0.png" type="Image" compress="0" pack="0" quality="80" props="sizeGrid=10,10,11,9" picType="0" scale="0"/>
   <item name="common_sg/yeqiandi.png" type="Image" compress="0" pack="0" quality="80" props="y=1114@@!@@x=35@@!@@width=650@@!@@height=50@@!@@sizeGrid=12,21,12,17" picType="0" scale="0"/>
   <item name="common_sg/bg_common_shuxing.png" type="Image" compress="0" pack="0" quality="80" props="sizeGrid=18,23,19,25" picType="0" scale="0"/>
   <item name="common_sg/zjm_img_ggdi.png" type="Image" compress="0" pack="0" quality="80" props="" picType="0" scale="0"/>
   <item name="common_sg/txtbg_mainui_dt.png" type="Image" compress="0" pack="0" quality="80" props="y=94@@!@@centerX=0@@!@@sizeGrid=9,18,7,19" picType="0" scale="0"/>
   <item name="common_sg/jingdutiao01.png" type="Image" compress="0" pack="0" quality="80" props="sizeGrid=0,6,0,6" picType="0" scale="0"/>
   <item name="common_sg/jingdutiao.png" type="Image" compress="0" pack="0" quality="80" props="sizeGrid=0,26,0,25" picType="0" scale="0"/>
   <item name="common_sg/bg_jindutiaodi-2.png" type="Image" compress="0" pack="2" quality="80" props="sizeGrid=0,26,0,25" picType="0" scale="0"/>
   <item name="treasure/title0_xunbao.png" type="Image" compress="0" pack="0" quality="80" props="sizeGrid=394,0,25,0" picType="0" scale="0"/>
   <item name="common_sg/btm_xuan03.png" type="Image" compress="0" pack="2" quality="80" props="sizeGrid=15,17,60,139" picType="0" scale="0"/>
   <item name="common/title0_xunbao.png" type="Image" compress="0" pack="0" quality="80" props="sizeGrid=338,0,25,0" picType="0" scale="0"/>
   <item name="small/playForm1/monster/4/0.png" type="Image" compress="0" pack="1" quality="80" props="" picType="0" scale="0"/>
   <item name="small/playForm1/monster/4/1.png" type="Image" compress="0" pack="1" quality="80" props="" picType="0" scale="0"/>
   <item name="small/playForm1/monster/4/10.png" type="Image" compress="0" pack="1" quality="80" props="" picType="0" scale="0"/>
   <item name="small/playForm1/monster/4/11.png" type="Image" compress="0" pack="1" quality="80" props="" picType="0" scale="0"/>
   <item name="small/playForm1/monster/4/12.png" type="Image" compress="0" pack="1" quality="80" props="" picType="0" scale="0"/>
   <item name="small/playForm1/monster/4/13.png" type="Image" compress="0" pack="1" quality="80" props="" picType="0" scale="0"/>
   <item name="small/playForm1/monster/4/14.png" type="Image" compress="0" pack="1" quality="80" props="" picType="0" scale="0"/>
   <item name="small/playForm1/monster/4/15.png" type="Image" compress="0" pack="1" quality="80" props="" picType="0" scale="0"/>
   <item name="small/playForm1/monster/4/16.png" type="Image" compress="0" pack="1" quality="80" props="" picType="0" scale="0"/>
   <item name="small/playForm1/monster/4/17.png" type="Image" compress="0" pack="1" quality="80" props="" picType="0" scale="0"/>
   <item name="small/playForm1/monster/4/18.png" type="Image" compress="0" pack="1" quality="80" props="" picType="0" scale="0"/>
   <item name="small/playForm1/monster/4/19.png" type="Image" compress="0" pack="1" quality="80" props="" picType="0" scale="0"/>
   <item name="small/playForm1/monster/4/2.png" type="Image" compress="0" pack="1" quality="80" props="" picType="0" scale="0"/>
   <item name="small/playForm1/monster/4/20.png" type="Image" compress="0" pack="1" quality="80" props="" picType="0" scale="0"/>
   <item name="small/playForm1/monster/4/21.png" type="Image" compress="0" pack="1" quality="80" props="" picType="0" scale="0"/>
   <item name="small/playForm1/monster/4/22.png" type="Image" compress="0" pack="1" quality="80" props="" picType="0" scale="0"/>
   <item name="small/playForm1/monster/4/23.png" type="Image" compress="0" pack="1" quality="80" props="" picType="0" scale="0"/>
   <item name="small/playForm1/monster/4/24.png" type="Image" compress="0" pack="1" quality="80" props="" picType="0" scale="0"/>
   <item name="small/playForm1/monster/4/25.png" type="Image" compress="0" pack="1" quality="80" props="" picType="0" scale="0"/>
   <item name="small/playForm1/monster/4/26.png" type="Image" compress="0" pack="1" quality="80" props="" picType="0" scale="0"/>
   <item name="small/playForm1/monster/4/27.png" type="Image" compress="0" pack="1" quality="80" props="" picType="0" scale="0"/>
   <item name="small/playForm1/monster/4/28.png" type="Image" compress="0" pack="1" quality="80" props="" picType="0" scale="0"/>
   <item name="small/playForm1/monster/4/29.png" type="Image" compress="0" pack="1" quality="80" props="" picType="0" scale="0"/>
   <item name="small/playForm1/monster/4/3.png" type="Image" compress="0" pack="1" quality="80" props="" picType="0" scale="0"/>
   <item name="small/playForm1/monster/4/30.png" type="Image" compress="0" pack="1" quality="80" props="" picType="0" scale="0"/>
   <item name="small/playForm1/monster/4/4.png" type="Image" compress="0" pack="1" quality="80" props="" picType="0" scale="0"/>
   <item name="small/playForm1/monster/4/5.png" type="Image" compress="0" pack="1" quality="80" props="" picType="0" scale="0"/>
   <item name="small/playForm1/monster/4/6.png" type="Image" compress="0" pack="1" quality="80" props="" picType="0" scale="0"/>
   <item name="small/playForm1/monster/4/7.png" type="Image" compress="0" pack="1" quality="80" props="" picType="0" scale="0"/>
   <item name="small/playForm1/monster/4/8.png" type="Image" compress="0" pack="1" quality="80" props="" picType="0" scale="0"/>
   <item name="small/playForm1/monster/4/9.png" type="Image" compress="0" pack="1" quality="80" props="" picType="0" scale="0"/>
   <item name="small/playForm1/monster/3/0.png" type="Image" compress="0" pack="1" quality="80" props="" picType="0" scale="0"/>
   <item name="small/playForm1/monster/3/1.png" type="Image" compress="0" pack="1" quality="80" props="" picType="0" scale="0"/>
   <item name="small/playForm1/monster/3/10.png" type="Image" compress="0" pack="1" quality="80" props="" picType="0" scale="0"/>
   <item name="small/playForm1/monster/3/11.png" type="Image" compress="0" pack="1" quality="80" props="" picType="0" scale="0"/>
   <item name="small/playForm1/monster/3/12.png" type="Image" compress="0" pack="1" quality="80" props="" picType="0" scale="0"/>
   <item name="small/playForm1/monster/3/13.png" type="Image" compress="0" pack="1" quality="80" props="" picType="0" scale="0"/>
   <item name="small/playForm1/monster/3/14.png" type="Image" compress="0" pack="1" quality="80" props="" picType="0" scale="0"/>
   <item name="small/playForm1/monster/3/15.png" type="Image" compress="0" pack="1" quality="80" props="" picType="0" scale="0"/>
   <item name="small/playForm1/monster/3/16.png" type="Image" compress="0" pack="1" quality="80" props="" picType="0" scale="0"/>
   <item name="small/playForm1/monster/3/17.png" type="Image" compress="0" pack="1" quality="80" props="" picType="0" scale="0"/>
   <item name="small/playForm1/monster/3/18.png" type="Image" compress="0" pack="1" quality="80" props="" picType="0" scale="0"/>
   <item name="small/playForm1/monster/3/19.png" type="Image" compress="0" pack="1" quality="80" props="" picType="0" scale="0"/>
   <item name="small/playForm1/monster/3/2.png" type="Image" compress="0" pack="1" quality="80" props="" picType="0" scale="0"/>
   <item name="small/playForm1/monster/3/20.png" type="Image" compress="0" pack="1" quality="80" props="" picType="0" scale="0"/>
   <item name="small/playForm1/monster/3/21.png" type="Image" compress="0" pack="1" quality="80" props="" picType="0" scale="0"/>
   <item name="small/playForm1/monster/3/22.png" type="Image" compress="0" pack="1" quality="80" props="" picType="0" scale="0"/>
   <item name="small/playForm1/monster/3/23.png" type="Image" compress="0" pack="1" quality="80" props="" picType="0" scale="0"/>
   <item name="small/playForm1/monster/3/24.png" type="Image" compress="0" pack="1" quality="80" props="" picType="0" scale="0"/>
   <item name="small/playForm1/monster/3/25.png" type="Image" compress="0" pack="1" quality="80" props="" picType="0" scale="0"/>
   <item name="small/playForm1/monster/3/26.png" type="Image" compress="0" pack="1" quality="80" props="" picType="0" scale="0"/>
   <item name="small/playForm1/monster/3/27.png" type="Image" compress="0" pack="1" quality="80" props="" picType="0" scale="0"/>
   <item name="small/playForm1/monster/3/28.png" type="Image" compress="0" pack="1" quality="80" props="" picType="0" scale="0"/>
   <item name="small/playForm1/monster/3/29.png" type="Image" compress="0" pack="1" quality="80" props="" picType="0" scale="0"/>
   <item name="small/playForm1/monster/3/3.png" type="Image" compress="0" pack="1" quality="80" props="" picType="0" scale="0"/>
   <item name="small/playForm1/monster/3/30.png" type="Image" compress="0" pack="1" quality="80" props="" picType="0" scale="0"/>
   <item name="small/playForm1/monster/3/4.png" type="Image" compress="0" pack="1" quality="80" props="" picType="0" scale="0"/>
   <item name="small/playForm1/monster/3/5.png" type="Image" compress="0" pack="1" quality="80" props="" picType="0" scale="0"/>
   <item name="small/playForm1/monster/3/6.png" type="Image" compress="0" pack="1" quality="80" props="" picType="0" scale="0"/>
   <item name="small/playForm1/monster/3/7.png" type="Image" compress="0" pack="1" quality="80" props="" picType="0" scale="0"/>
   <item name="small/playForm1/monster/3/8.png" type="Image" compress="0" pack="1" quality="80" props="" picType="0" scale="0"/>
   <item name="small/playForm1/monster/3/9.png" type="Image" compress="0" pack="1" quality="80" props="" picType="0" scale="0"/>
   <item name="small/playForm1/monster/2/0.png" type="Image" compress="0" pack="1" quality="80" props="" picType="0" scale="0"/>
   <item name="small/playForm1/monster/2/1.png" type="Image" compress="0" pack="1" quality="80" props="" picType="0" scale="0"/>
   <item name="small/playForm1/monster/2/10.png" type="Image" compress="0" pack="1" quality="80" props="" picType="0" scale="0"/>
   <item name="small/playForm1/monster/2/11.png" type="Image" compress="0" pack="1" quality="80" props="" picType="0" scale="0"/>
   <item name="small/playForm1/monster/2/12.png" type="Image" compress="0" pack="1" quality="80" props="" picType="0" scale="0"/>
   <item name="small/playForm1/monster/2/13.png" type="Image" compress="0" pack="1" quality="80" props="" picType="0" scale="0"/>
   <item name="small/playForm1/monster/2/14.png" type="Image" compress="0" pack="1" quality="80" props="" picType="0" scale="0"/>
   <item name="small/playForm1/monster/2/15.png" type="Image" compress="0" pack="1" quality="80" props="" picType="0" scale="0"/>
   <item name="small/playForm1/monster/2/16.png" type="Image" compress="0" pack="1" quality="80" props="" picType="0" scale="0"/>
   <item name="small/playForm1/monster/2/17.png" type="Image" compress="0" pack="1" quality="80" props="" picType="0" scale="0"/>
   <item name="small/playForm1/monster/2/18.png" type="Image" compress="0" pack="1" quality="80" props="" picType="0" scale="0"/>
   <item name="small/playForm1/monster/2/19.png" type="Image" compress="0" pack="1" quality="80" props="" picType="0" scale="0"/>
   <item name="small/playForm1/monster/2/2.png" type="Image" compress="0" pack="1" quality="80" props="" picType="0" scale="0"/>
   <item name="small/playForm1/monster/2/20.png" type="Image" compress="0" pack="1" quality="80" props="" picType="0" scale="0"/>
   <item name="small/playForm1/monster/2/21.png" type="Image" compress="0" pack="1" quality="80" props="" picType="0" scale="0"/>
   <item name="small/playForm1/monster/2/22.png" type="Image" compress="0" pack="1" quality="80" props="" picType="0" scale="0"/>
   <item name="small/playForm1/monster/2/23.png" type="Image" compress="0" pack="1" quality="80" props="" picType="0" scale="0"/>
   <item name="small/playForm1/monster/2/24.png" type="Image" compress="0" pack="1" quality="80" props="" picType="0" scale="0"/>
   <item name="small/playForm1/monster/2/25.png" type="Image" compress="0" pack="1" quality="80" props="" picType="0" scale="0"/>
   <item name="small/playForm1/monster/2/26.png" type="Image" compress="0" pack="1" quality="80" props="" picType="0" scale="0"/>
   <item name="small/playForm1/monster/2/27.png" type="Image" compress="0" pack="1" quality="80" props="" picType="0" scale="0"/>
   <item name="small/playForm1/monster/2/28.png" type="Image" compress="0" pack="1" quality="80" props="" picType="0" scale="0"/>
   <item name="small/playForm1/monster/2/29.png" type="Image" compress="0" pack="1" quality="80" props="" picType="0" scale="0"/>
   <item name="small/playForm1/monster/2/3.png" type="Image" compress="0" pack="1" quality="80" props="" picType="0" scale="0"/>
   <item name="small/playForm1/monster/2/30.png" type="Image" compress="0" pack="1" quality="80" props="" picType="0" scale="0"/>
   <item name="small/playForm1/monster/2/4.png" type="Image" compress="0" pack="1" quality="80" props="" picType="0" scale="0"/>
   <item name="small/playForm1/monster/2/5.png" type="Image" compress="0" pack="1" quality="80" props="" picType="0" scale="0"/>
   <item name="small/playForm1/monster/2/6.png" type="Image" compress="0" pack="1" quality="80" props="" picType="0" scale="0"/>
   <item name="small/playForm1/monster/2/7.png" type="Image" compress="0" pack="1" quality="80" props="" picType="0" scale="0"/>
   <item name="small/playForm1/monster/2/8.png" type="Image" compress="0" pack="1" quality="80" props="" picType="0" scale="0"/>
   <item name="small/playForm1/monster/2/9.png" type="Image" compress="0" pack="1" quality="80" props="" picType="0" scale="0"/>
   <item name="small/playForm1/monster/1/0.png" type="Image" compress="0" pack="1" quality="80" props="" picType="0" scale="0"/>
   <item name="small/playForm1/monster/1/1.png" type="Image" compress="0" pack="1" quality="80" props="" picType="0" scale="0"/>
   <item name="small/playForm1/monster/1/10.png" type="Image" compress="0" pack="1" quality="80" props="" picType="0" scale="0"/>
   <item name="small/playForm1/monster/1/11.png" type="Image" compress="0" pack="1" quality="80" props="" picType="0" scale="0"/>
   <item name="small/playForm1/monster/1/12.png" type="Image" compress="0" pack="1" quality="80" props="" picType="0" scale="0"/>
   <item name="small/playForm1/monster/1/13.png" type="Image" compress="0" pack="1" quality="80" props="" picType="0" scale="0"/>
   <item name="small/playForm1/monster/1/14.png" type="Image" compress="0" pack="1" quality="80" props="" picType="0" scale="0"/>
   <item name="small/playForm1/monster/1/15.png" type="Image" compress="0" pack="1" quality="80" props="" picType="0" scale="0"/>
   <item name="small/playForm1/monster/1/16.png" type="Image" compress="0" pack="1" quality="80" props="" picType="0" scale="0"/>
   <item name="small/playForm1/monster/1/17.png" type="Image" compress="0" pack="1" quality="80" props="" picType="0" scale="0"/>
   <item name="small/playForm1/monster/1/18.png" type="Image" compress="0" pack="1" quality="80" props="" picType="0" scale="0"/>
   <item name="small/playForm1/monster/1/19.png" type="Image" compress="0" pack="1" quality="80" props="" picType="0" scale="0"/>
   <item name="small/playForm1/monster/1/2.png" type="Image" compress="0" pack="1" quality="80" props="" picType="0" scale="0"/>
   <item name="small/playForm1/monster/1/20.png" type="Image" compress="0" pack="1" quality="80" props="" picType="0" scale="0"/>
   <item name="small/playForm1/monster/1/21.png" type="Image" compress="0" pack="1" quality="80" props="" picType="0" scale="0"/>
   <item name="small/playForm1/monster/1/22.png" type="Image" compress="0" pack="1" quality="80" props="" picType="0" scale="0"/>
   <item name="small/playForm1/monster/1/23.png" type="Image" compress="0" pack="1" quality="80" props="" picType="0" scale="0"/>
   <item name="small/playForm1/monster/1/24.png" type="Image" compress="0" pack="1" quality="80" props="" picType="0" scale="0"/>
   <item name="small/playForm1/monster/1/25.png" type="Image" compress="0" pack="1" quality="80" props="" picType="0" scale="0"/>
   <item name="small/playForm1/monster/1/26.png" type="Image" compress="0" pack="1" quality="80" props="" picType="0" scale="0"/>
   <item name="small/playForm1/monster/1/27.png" type="Image" compress="0" pack="1" quality="80" props="" picType="0" scale="0"/>
   <item name="small/playForm1/monster/1/28.png" type="Image" compress="0" pack="1" quality="80" props="" picType="0" scale="0"/>
   <item name="small/playForm1/monster/1/29.png" type="Image" compress="0" pack="1" quality="80" props="" picType="0" scale="0"/>
   <item name="small/playForm1/monster/1/3.png" type="Image" compress="0" pack="1" quality="80" props="" picType="0" scale="0"/>
   <item name="small/playForm1/monster/1/30.png" type="Image" compress="0" pack="1" quality="80" props="" picType="0" scale="0"/>
   <item name="small/playForm1/monster/1/4.png" type="Image" compress="0" pack="1" quality="80" props="" picType="0" scale="0"/>
   <item name="small/playForm1/monster/1/5.png" type="Image" compress="0" pack="1" quality="80" props="" picType="0" scale="0"/>
   <item name="small/playForm1/monster/1/6.png" type="Image" compress="0" pack="1" quality="80" props="" picType="0" scale="0"/>
   <item name="small/playForm1/monster/1/7.png" type="Image" compress="0" pack="1" quality="80" props="" picType="0" scale="0"/>
   <item name="small/playForm1/monster/1/8.png" type="Image" compress="0" pack="1" quality="80" props="" picType="0" scale="0"/>
   <item name="small/playForm1/monster/1/9.png" type="Image" compress="0" pack="1" quality="80" props="" picType="0" scale="0"/>
   <item name="small/playForm1/royal/0.png" type="Image" compress="0" pack="1" quality="80" props="" picType="0" scale="0"/>
   <item name="small/playForm1/royal/1.png" type="Image" compress="0" pack="1" quality="80" props="" picType="0" scale="0"/>
   <item name="small/playForm1/royal/10.png" type="Image" compress="0" pack="1" quality="80" props="" picType="0" scale="0"/>
   <item name="small/playForm1/royal/11.png" type="Image" compress="0" pack="1" quality="80" props="" picType="0" scale="0"/>
   <item name="small/playForm1/royal/12.png" type="Image" compress="0" pack="1" quality="80" props="" picType="0" scale="0"/>
   <item name="small/playForm1/royal/13.png" type="Image" compress="0" pack="1" quality="80" props="" picType="0" scale="0"/>
   <item name="small/playForm1/royal/14.png" type="Image" compress="0" pack="1" quality="80" props="" picType="0" scale="0"/>
   <item name="small/playForm1/royal/15.png" type="Image" compress="0" pack="1" quality="80" props="" picType="0" scale="0"/>
   <item name="small/playForm1/royal/16.png" type="Image" compress="0" pack="1" quality="80" props="" picType="0" scale="0"/>
   <item name="small/playForm1/royal/17.png" type="Image" compress="0" pack="1" quality="80" props="" picType="0" scale="0"/>
   <item name="small/playForm1/royal/18.png" type="Image" compress="0" pack="1" quality="80" props="" picType="0" scale="0"/>
   <item name="small/playForm1/royal/19.png" type="Image" compress="0" pack="1" quality="80" props="" picType="0" scale="0"/>
   <item name="small/playForm1/royal/2.png" type="Image" compress="0" pack="1" quality="80" props="" picType="0" scale="0"/>
   <item name="small/playForm1/royal/20.png" type="Image" compress="0" pack="1" quality="80" props="" picType="0" scale="0"/>
   <item name="small/playForm1/royal/21.png" type="Image" compress="0" pack="1" quality="80" props="" picType="0" scale="0"/>
   <item name="small/playForm1/royal/22.png" type="Image" compress="0" pack="1" quality="80" props="" picType="0" scale="0"/>
   <item name="small/playForm1/royal/23.png" type="Image" compress="0" pack="1" quality="80" props="" picType="0" scale="0"/>
   <item name="small/playForm1/royal/24.png" type="Image" compress="0" pack="1" quality="80" props="" picType="0" scale="0"/>
   <item name="small/playForm1/royal/25.png" type="Image" compress="0" pack="1" quality="80" props="" picType="0" scale="0"/>
   <item name="small/playForm1/royal/26.png" type="Image" compress="0" pack="1" quality="80" props="" picType="0" scale="0"/>
   <item name="small/playForm1/royal/27.png" type="Image" compress="0" pack="1" quality="80" props="" picType="0" scale="0"/>
   <item name="small/playForm1/royal/28.png" type="Image" compress="0" pack="1" quality="80" props="" picType="0" scale="0"/>
   <item name="small/playForm1/royal/29.png" type="Image" compress="0" pack="1" quality="80" props="" picType="0" scale="0"/>
   <item name="small/playForm1/royal/3.png" type="Image" compress="0" pack="1" quality="80" props="" picType="0" scale="0"/>
   <item name="small/playForm1/royal/30.png" type="Image" compress="0" pack="1" quality="80" props="" picType="0" scale="0"/>
   <item name="small/playForm1/royal/31.png" type="Image" compress="0" pack="1" quality="80" props="" picType="0" scale="0"/>
   <item name="small/playForm1/royal/32.png" type="Image" compress="0" pack="1" quality="80" props="" picType="0" scale="0"/>
   <item name="small/playForm1/royal/33.png" type="Image" compress="0" pack="1" quality="80" props="" picType="0" scale="0"/>
   <item name="small/playForm1/royal/34.png" type="Image" compress="0" pack="1" quality="80" props="" picType="0" scale="0"/>
   <item name="small/playForm1/royal/35.png" type="Image" compress="0" pack="1" quality="80" props="" picType="0" scale="0"/>
   <item name="small/playForm1/royal/36.png" type="Image" compress="0" pack="1" quality="80" props="" picType="0" scale="0"/>
   <item name="small/playForm1/royal/37.png" type="Image" compress="0" pack="1" quality="80" props="" picType="0" scale="0"/>
   <item name="small/playForm1/royal/38.png" type="Image" compress="0" pack="1" quality="80" props="" picType="0" scale="0"/>
   <item name="small/playForm1/royal/39.png" type="Image" compress="0" pack="1" quality="80" props="" picType="0" scale="0"/>
   <item name="small/playForm1/royal/4.png" type="Image" compress="0" pack="1" quality="80" props="" picType="0" scale="0"/>
   <item name="small/playForm1/royal/40.png" type="Image" compress="0" pack="1" quality="80" props="" picType="0" scale="0"/>
   <item name="small/playForm1/royal/5.png" type="Image" compress="0" pack="1" quality="80" props="" picType="0" scale="0"/>
   <item name="small/playForm1/royal/6.png" type="Image" compress="0" pack="1" quality="80" props="" picType="0" scale="0"/>
   <item name="small/playForm1/royal/7.png" type="Image" compress="0" pack="1" quality="80" props="" picType="0" scale="0"/>
   <item name="small/playForm1/royal/8.png" type="Image" compress="0" pack="1" quality="80" props="" picType="0" scale="0"/>
   <item name="small/playForm1/royal/9.png" type="Image" compress="0" pack="1" quality="80" props="" picType="0" scale="0"/>
   <item name="small/playForm1/player/0/0.png" type="Image" compress="0" pack="1" quality="80" props="" picType="0" scale="0"/>
   <item name="small/playForm1/player/0/1.png" type="Image" compress="0" pack="1" quality="80" props="" picType="0" scale="0"/>
   <item name="small/playForm1/player/0/10.png" type="Image" compress="0" pack="1" quality="80" props="" picType="0" scale="0"/>
   <item name="small/playForm1/player/0/11.png" type="Image" compress="0" pack="1" quality="80" props="" picType="0" scale="0"/>
   <item name="small/playForm1/player/0/12.png" type="Image" compress="0" pack="1" quality="80" props="" picType="0" scale="0"/>
   <item name="small/playForm1/player/0/13.png" type="Image" compress="0" pack="1" quality="80" props="" picType="0" scale="0"/>
   <item name="small/playForm1/player/0/14.png" type="Image" compress="0" pack="1" quality="80" props="" picType="0" scale="0"/>
   <item name="small/playForm1/player/0/15.png" type="Image" compress="0" pack="1" quality="80" props="" picType="0" scale="0"/>
   <item name="small/playForm1/player/0/16.png" type="Image" compress="0" pack="1" quality="80" props="" picType="0" scale="0"/>
   <item name="small/playForm1/player/0/17.png" type="Image" compress="0" pack="1" quality="80" props="" picType="0" scale="0"/>
   <item name="small/playForm1/player/0/18.png" type="Image" compress="0" pack="1" quality="80" props="" picType="0" scale="0"/>
   <item name="small/playForm1/player/0/19.png" type="Image" compress="0" pack="1" quality="80" props="" picType="0" scale="0"/>
   <item name="small/playForm1/player/0/2.png" type="Image" compress="0" pack="1" quality="80" props="" picType="0" scale="0"/>
   <item name="small/playForm1/player/0/20.png" type="Image" compress="0" pack="1" quality="80" props="" picType="0" scale="0"/>
   <item name="small/playForm1/player/0/21.png" type="Image" compress="0" pack="1" quality="80" props="" picType="0" scale="0"/>
   <item name="small/playForm1/player/0/22.png" type="Image" compress="0" pack="1" quality="80" props="" picType="0" scale="0"/>
   <item name="small/playForm1/player/0/23.png" type="Image" compress="0" pack="1" quality="80" props="" picType="0" scale="0"/>
   <item name="small/playForm1/player/0/24.png" type="Image" compress="0" pack="1" quality="80" props="" picType="0" scale="0"/>
   <item name="small/playForm1/player/0/25.png" type="Image" compress="0" pack="1" quality="80" props="" picType="0" scale="0"/>
   <item name="small/playForm1/player/0/26.png" type="Image" compress="0" pack="1" quality="80" props="" picType="0" scale="0"/>
   <item name="small/playForm1/player/0/27.png" type="Image" compress="0" pack="1" quality="80" props="" picType="0" scale="0"/>
   <item name="small/playForm1/player/0/28.png" type="Image" compress="0" pack="1" quality="80" props="" picType="0" scale="0"/>
   <item name="small/playForm1/player/0/29.png" type="Image" compress="0" pack="1" quality="80" props="" picType="0" scale="0"/>
   <item name="small/playForm1/player/0/3.png" type="Image" compress="0" pack="1" quality="80" props="" picType="0" scale="0"/>
   <item name="small/playForm1/player/0/30.png" type="Image" compress="0" pack="1" quality="80" props="" picType="0" scale="0"/>
   <item name="small/playForm1/player/0/4.png" type="Image" compress="0" pack="1" quality="80" props="" picType="0" scale="0"/>
   <item name="small/playForm1/player/0/5.png" type="Image" compress="0" pack="1" quality="80" props="" picType="0" scale="0"/>
   <item name="small/playForm1/player/0/6.png" type="Image" compress="0" pack="1" quality="80" props="" picType="0" scale="0"/>
   <item name="small/playForm1/player/0/7.png" type="Image" compress="0" pack="1" quality="80" props="" picType="0" scale="0"/>
   <item name="small/playForm1/player/0/8.png" type="Image" compress="0" pack="1" quality="80" props="" picType="0" scale="0"/>
   <item name="small/playForm1/player/0/9.png" type="Image" compress="0" pack="1" quality="80" props="" picType="0" scale="0"/>
   <item name="small/playForm1/player/1/0.png" type="Image" compress="0" pack="1" quality="80" props="" picType="0" scale="0"/>
   <item name="small/playForm1/player/1/1.png" type="Image" compress="0" pack="1" quality="80" props="" picType="0" scale="0"/>
   <item name="small/playForm1/player/1/10.png" type="Image" compress="0" pack="1" quality="80" props="" picType="0" scale="0"/>
   <item name="small/playForm1/player/1/11.png" type="Image" compress="0" pack="1" quality="80" props="" picType="0" scale="0"/>
   <item name="small/playForm1/player/1/12.png" type="Image" compress="0" pack="1" quality="80" props="" picType="0" scale="0"/>
   <item name="small/playForm1/player/1/13.png" type="Image" compress="0" pack="1" quality="80" props="" picType="0" scale="0"/>
   <item name="small/playForm1/player/1/14.png" type="Image" compress="0" pack="1" quality="80" props="" picType="0" scale="0"/>
   <item name="small/playForm1/player/1/15.png" type="Image" compress="0" pack="1" quality="80" props="" picType="0" scale="0"/>
   <item name="small/playForm1/player/1/16.png" type="Image" compress="0" pack="1" quality="80" props="" picType="0" scale="0"/>
   <item name="small/playForm1/player/1/17.png" type="Image" compress="0" pack="1" quality="80" props="" picType="0" scale="0"/>
   <item name="small/playForm1/player/1/18.png" type="Image" compress="0" pack="1" quality="80" props="" picType="0" scale="0"/>
   <item name="small/playForm1/player/1/19.png" type="Image" compress="0" pack="1" quality="80" props="" picType="0" scale="0"/>
   <item name="small/playForm1/player/1/2.png" type="Image" compress="0" pack="1" quality="80" props="" picType="0" scale="0"/>
   <item name="small/playForm1/player/1/20.png" type="Image" compress="0" pack="1" quality="80" props="" picType="0" scale="0"/>
   <item name="small/playForm1/player/1/21.png" type="Image" compress="0" pack="1" quality="80" props="" picType="0" scale="0"/>
   <item name="small/playForm1/player/1/22.png" type="Image" compress="0" pack="1" quality="80" props="" picType="0" scale="0"/>
   <item name="small/playForm1/player/1/23.png" type="Image" compress="0" pack="1" quality="80" props="" picType="0" scale="0"/>
   <item name="small/playForm1/player/1/24.png" type="Image" compress="0" pack="1" quality="80" props="" picType="0" scale="0"/>
   <item name="small/playForm1/player/1/25.png" type="Image" compress="0" pack="1" quality="80" props="" picType="0" scale="0"/>
   <item name="small/playForm1/player/1/26.png" type="Image" compress="0" pack="1" quality="80" props="" picType="0" scale="0"/>
   <item name="small/playForm1/player/1/27.png" type="Image" compress="0" pack="1" quality="80" props="" picType="0" scale="0"/>
   <item name="small/playForm1/player/1/28.png" type="Image" compress="0" pack="1" quality="80" props="" picType="0" scale="0"/>
   <item name="small/playForm1/player/1/29.png" type="Image" compress="0" pack="1" quality="80" props="" picType="0" scale="0"/>
   <item name="small/playForm1/player/1/3.png" type="Image" compress="0" pack="1" quality="80" props="" picType="0" scale="0"/>
   <item name="small/playForm1/player/1/30.png" type="Image" compress="0" pack="1" quality="80" props="" picType="0" scale="0"/>
   <item name="small/playForm1/player/1/4.png" type="Image" compress="0" pack="1" quality="80" props="" picType="0" scale="0"/>
   <item name="small/playForm1/player/1/5.png" type="Image" compress="0" pack="1" quality="80" props="" picType="0" scale="0"/>
   <item name="small/playForm1/player/1/6.png" type="Image" compress="0" pack="1" quality="80" props="" picType="0" scale="0"/>
   <item name="small/playForm1/player/1/7.png" type="Image" compress="0" pack="1" quality="80" props="" picType="0" scale="0"/>
   <item name="small/playForm1/player/1/8.png" type="Image" compress="0" pack="1" quality="80" props="" picType="0" scale="0"/>
   <item name="small/playForm1/player/1/9.png" type="Image" compress="0" pack="1" quality="80" props="" picType="0" scale="0"/>
   <item name="common/bg_cangkudi.png" type="Image" compress="0" pack="0" quality="80" props="sizeGrid=22,22,22,22" picType="0" scale="0"/>
   <item name="common_sg/txtbj_tongyong_01.png" type="Image" compress="0" pack="0" quality="80" props="x=39@@!@@y=297@@!@@width=614@@!@@height=39@@!@@sizeGrid=5,0,5,0" picType="0" scale="0"/>
   <item name="chat/txtbg_lt_txtbg2.png" type="Image" compress="0" pack="0" quality="80" props="" picType="0" scale="0"/>
   <item name="chat/biaoqingkuang.png" type="Image" compress="0" pack="2" quality="80" props="y=0@@!@@x=0@@!@@width=504@@!@@height=366@@!@@sizeGrid=22,189,48,9" picType="0" scale="0"/>
   <item name="chat/btn_lt_bqbtn_1.png" type="Button" compress="0" pack="0" quality="80" props="stateNum=2@@!@@labelSize=24@@!@@labelColors=#FFFFFF,#7D5027,#7D5027,#7D5027@@!@@label=普\n通@@!@@labelFont=SimHei" picType="0" scale="0"/>
   <item name="chat/btn_lt_yqbtn_1.png" type="Button" compress="0" pack="0" quality="80" props="y=3@@!@@x=0@@!@@stateNum=2@@!@@label=九州@@!@@labelFont=SimHei@@!@@labelSize=24@@!@@labelColors=#FFFFFF,#7D5027,#7D5027,#7D5027" picType="0" scale="0"/>
   <item name="chat/wenbenkuang.png" type="Image" compress="0" pack="0" quality="80" props="x=0@@!@@width=504@@!@@sizeGrid=5,17,5,16@@!@@height=36@@!@@y=0" picType="0" scale="0"/>
   <item name="chat/btn_lt_fhbtn.png" type="Button" compress="0" pack="0" quality="80" props="y=701@@!@@x=16@@!@@stateNum=1@@!@@label=返回@@!@@labelFont=SimHei@@!@@labelColors=#FFFFFF@@!@@labelSize=24" picType="0" scale="0"/>
   <item name="lots_of_gold/btn_hlyb.png" type="Button" compress="0" pack="0" quality="80" props="y=879@@!@@x=152@@!@@stateNum=2@@!@@labelSize=26@@!@@labelPadding=0,0,-5,0@@!@@labelFont=SimHei@@!@@labelColors=#242E3B,#861C3D@@!@@label=登录福利" picType="0" scale="0"/>
   <item name="common/btn_tonyong_38.png" type="Button" compress="0" pack="0" quality="80" props="labelColors=#cc3333@@!@@labelStroke=2@@!@@labelStrokeColor=#ffffc8@@!@@labelSize=24@@!@@labelFont=SimHei@@!@@labelPadding=0,0,12,0" picType="0" scale="0"/>
   <item name="common/dikuang_hui.png" type="Image" compress="0" pack="0" quality="80" props="sizeGrid=12,14,12,12" picType="0" scale="0"/>
   <item name="common_sg/bg_common_jindutiao_1.png" type="Image" compress="0" pack="0" quality="80" props="sizeGrid=0,7,0,4" picType="0" scale="0"/>
   <item name="common_sg/bg_common_jindutiao_2.png" type="Image" compress="0" pack="0" quality="80" props="sizeGrid=0,26,0,26" picType="0" scale="0"/>
   <item name="common_sg/shuxingkuang.png" type="Image" compress="0" pack="0" quality="80" props="sizeGrid=18,0,12,0" picType="0" scale="0"/>
   <item name="common/mingchengkuang.png" type="Image" compress="0" pack="0" quality="80" props="sizeGrid=15,15,15,15" picType="0" scale="0"/>
   <item name="common/image_common_zz.png" type="Image" compress="0" pack="0" quality="80" props="sizeGrid=1,1,1,1" picType="0" scale="0"/>
   <item name="common/image_common_tipsbg.png" type="Image" compress="0" pack="2" quality="80" props="" picType="0" scale="0"/>
   <item name="common/di_tongyong_19.png" type="Image" compress="0" pack="2" quality="80" props="" picType="0" scale="0"/>
   <item name="common/di_04.png" type="Image" compress="0" pack="2" quality="80" props="" picType="0" scale="0"/>
   <item name="common/dt_tongyong_23.png" type="Image" compress="0" pack="2" quality="80" props="" picType="0" scale="0"/>
   <item name="common/image_common_dz.png" type="Image" compress="0" pack="2" quality="80" props="" picType="0" scale="0"/>
   <item name="common/tongyong_paihangbang_dikuang.png" type="Image" compress="0" pack="2" quality="80" props="" picType="0" scale="0"/>
   <item name="common/tongyongkuang_paihangbang.png" type="Image" compress="0" pack="2" quality="80" props="" picType="0" scale="0"/>
   <item name="common/txtbg_common_bg2.png" type="Image" compress="0" pack="2" quality="80" props="" picType="0" scale="0"/>
   <item name="common/txtdc_guaji_dit.png" type="Image" compress="0" pack="2" quality="80" props="" picType="0" scale="0"/>
   <item name="common/zs_tongyong_17.png" type="Image" compress="0" pack="2" quality="80" props="" picType="0" scale="0"/>
   <item name="festival/hd_tongyong_dc04.png" type="Image" compress="0" pack="0" quality="80" props="sizeGrid=10,10,10,10" picType="0" scale="0"/>
   <item name="festival/hd_tongyong_dc05.png" type="Image" compress="0" pack="0" quality="80" props="sizeGrid=20,20,20,20" picType="0" scale="0"/>
   <item name="festival/hd_tongyong_dc06.png" type="Image" compress="0" pack="0" quality="80" props="sizeGrid=10,10,10,10" picType="0" scale="0"/>
   <item name="festival/hd_tongyong_dc07.png" type="Image" compress="0" pack="0" quality="80" props="sizeGrid=0,5,0,5" picType="0" scale="0"/>
   <item name="festival/hd_tongyong_dc01.png" type="Image" compress="0" pack="0" quality="80" props="stateNum=1@@!@@x=610@@!@@y=12" picType="0" scale="0"/>
   <item name="festival/hd_tongyong_dc08.png" type="Image" compress="0" pack="0" quality="80" props="x=51@@!@@y=65@@!@@width=564@@!@@height=41@@!@@sizeGrid=2,4,2,2" picType="0" scale="0"/>
   <item name="marry/bg_wenzidi_jhlb.png" type="Image" compress="0" pack="2" quality="80" props="" picType="0" scale="0"/>
   <item name="marry/bg_xinwudi.png" type="Image" compress="0" pack="2" quality="80" props="" picType="0" scale="0"/>
   <item name="activityall/di_fen.png" type="Image" compress="0" pack="2" quality="80" props="" picType="0" scale="0"/>
   <item name="adventure/txtbg_qy_txtbg1.png" type="Image" compress="0" pack="2" quality="80" props="" picType="0" scale="0"/>
   <item name="archive/bg_biaotidi1.png" type="Image" compress="0" pack="2" quality="80" props="" picType="0" scale="0"/>
   <item name="archive/bg_xianjiandi.png" type="Image" compress="0" pack="2" quality="80" props="" picType="0" scale="0"/>
   <item name="common_sg/bg_cangkudi.png" type="Image" compress="0" pack="0" quality="80" props="sizeGrid=22,22,22,22" picType="0" scale="0"/>
   <item name="common_sg/dikuang_hui.png" type="Image" compress="0" pack="0" quality="80" props="sizeGrid=12,14,12,12" picType="0" scale="0"/>
   <item name="bottom/txtbg_mainui_rw.png" type="Image" compress="0" pack="2" quality="80" props="" picType="0" scale="0"/>
   <item name="common_sg/wenbenkuang.png" type="Image" compress="0" pack="0" quality="80" props="x=0@@!@@width=504@@!@@sizeGrid=5,17,5,16@@!@@height=36@@!@@y=0" picType="0" scale="0"/>
   <item name="common_sg/btn_tongyong_0.png" type="Image" compress="0" pack="0" quality="80" props="y=1106@@!@@width=642@@!@@centerX=-2" picType="0" scale="0"/>
   <item name="common_sg/dikuang.png" type="Image" compress="0" pack="0" quality="80" props="sizeGrid=12,18,20,18" picType="0" scale="0"/>
   <item name="common_sg/iconbox_lt_txkbg0.png" type="Image" compress="0" pack="0" quality="80" props="sizeGrid=10,10,11,9" picType="0" scale="0"/>
   <item name="common/jingdutiao01.png" type="Image" compress="0" pack="0" quality="80" props="sizeGrid=5,5,5,5" picType="0" scale="0"/>
   <item name="common_sg/mingchengkuang.png" type="Image" compress="0" pack="0" quality="80" props="sizeGrid=15,15,15,15" picType="0" scale="0"/>
   <item name="common_sg/zz_tongyong_01.png" type="Image" compress="0" pack="0" quality="80" props="sizeGrid=2,2,2,2" picType="0" scale="0"/>
   <item name="common_sg/touyong_fuli_kuang.jpg" type="Image" compress="0" pack="0" quality="80" props="sizeGrid=25,25,25,25" picType="0" scale="0"/>
   <item name="common_sg/tongyong_mengban.png" type="Image" compress="0" pack="0" quality="80" props="sizeGrid=10,10,10,10" picType="0" scale="0"/>
   <item name="common_sg/tongyong_biaotou.png" type="Image" compress="0" pack="0" quality="80" props="sizeGrid=0,151,0,87@@!@@x=0@@!@@y=4" picType="0" scale="0"/>
   <item name="common_sg/9g_tongyong_zb25.png" type="Image" compress="0" pack="2" quality="80" props="" picType="0" scale="0"/>
   <item name="common_sg/txtbg_002.png" type="Image" compress="0" pack="2" quality="80" props="" picType="0" scale="0"/>
   <item name="common/zz_tongyong_18.png" type="Image" compress="0" pack="0" quality="80" props="" picType="0" scale="0"/>
   <item name="common_sg/fendi.png" type="Image" compress="0" pack="0" quality="80" props="sizeGrid=10,10,10,10" picType="0" scale="0"/>
   <item name="exercise/msz_tongyong_3.png" type="Image" compress="0" pack="2" quality="80" props="" picType="0" scale="0"/>
   <item name="faction/xiahuaxian.png" type="Image" compress="0" pack="2" quality="80" props="" picType="0" scale="0"/>
   <item name="faction/image_xm_bg.png" type="Image" compress="0" pack="2" quality="80" props="" picType="0" scale="0"/>
   <item name="faction/image_xm_bg2.png" type="Image" compress="0" pack="2" quality="80" props="" picType="0" scale="0"/>
   <item name="faction/image_xm_headiconbg.png" type="Image" compress="0" pack="2" quality="80" props="" picType="0" scale="0"/>
   <item name="faction/frame_common_kt1.png" type="Image" compress="0" pack="2" quality="80" props="" picType="0" scale="0"/>
   <item name="faction/selected_xm_xzk.png" type="Image" compress="0" pack="2" quality="80" props="" picType="0" scale="0"/>
   <item name="faction/txtbg_xm_bg.png" type="Image" compress="0" pack="2" quality="80" props="" picType="0" scale="0"/>
   <item name="faction/txtbg_xm_xmzl.png" type="Image" compress="0" pack="2" quality="80" props="" picType="0" scale="0"/>
   <item name="festival/hd_tongyong_dc09.png" type="Image" compress="0" pack="1" quality="80" props="" picType="0" scale="0"/>
   <item name="festival/image_shang.png" type="Image" compress="0" pack="0" quality="80" props="y=43@@!@@x=0" picType="0" scale="0"/>
   <item name="common_sg/bg_zdbk_xinxidi.png" type="Image" compress="0" pack="0" quality="80" props="@@!@@height=38@@!@@sizeGrid=5,118,5,118" picType="0" scale="0"/>
   <item name="festival/zadan/ann_qwts_01.png" type="Image" compress="0" pack="0" quality="80" props="stateNum=1@@!@@labelFont=SimHei@@!@@labelColors=#FFFFFF @@!@@labelStrokeColor=#B47BCB@@!@@labelStroke=2@@!@@labelSize=24@@!@@labelPadding=0,0,2,0" picType="0" scale="0"/>
   <item name="lose/bj_jiesuan_4.png" type="Image" compress="0" pack="0" quality="80" props="sizeGrid=450,0,98,0" picType="0" scale="0"/>
   <item name="win/bj_jiesuan_3.png" type="Image" compress="0" pack="0" quality="80" props="sizeGrid=464,0,109,0" picType="0" scale="0"/>
   <item name="xianfu/event_2.png" type="Image" compress="0" pack="2" quality="80" props="" picType="0" scale="0"/>
   <item name="xianfu/event_3.png" type="Image" compress="0" pack="2" quality="80" props="" picType="0" scale="0"/>
   <item name="xianfu/event_4.png" type="Image" compress="0" pack="2" quality="80" props="" picType="0" scale="0"/>
   <item name="xianfu/event_5.png" type="Image" compress="0" pack="2" quality="80" props="" picType="0" scale="0"/>
   <item name="xianfu/bg_xfrwdi.png" type="Image" compress="0" pack="2" quality="80" props="" picType="0" scale="0"/>
   <item name="xianfu_book/bg_zhujueshuxingdi.png" type="Image" compress="0" pack="2" quality="80" props="" picType="0" scale="0"/>
   <item name="warband/biaoyu.png" type="Image" compress="0" pack="2" quality="80" props="" picType="0" scale="0"/>
   <item name="treasure/image_xb_txt1.png" type="Image" compress="0" pack="2" quality="80" props="" picType="0" scale="0"/>
   <item name="talisman/bg.png" type="Image" compress="0" pack="2" quality="80" props="" picType="0" scale="0"/>
   <item name="sprint_rank/bg_daojishidi_bangdan.png" type="Image" compress="0" pack="2" quality="80" props="" picType="0" scale="0"/>
   <item name="sprint_rank/bg_kfchongbang_qitapaiming.png" type="Image" compress="0" pack="2" quality="80" props="" picType="0" scale="0"/>
   <item name="sprint_rank/frame_kfcb_bg.png" type="Image" compress="0" pack="2" quality="80" props="" picType="0" scale="0"/>
   <item name="common_sg/progress_common_jdt4_3.png" type="ProgressBar" compress="0" pack="0" quality="80" props="sizeGrid=0,10,0,10" picType="0" scale="0"/>
   <item name="common_sg/progress_common_jdt4_4.png" type="ProgressBar" compress="0" pack="0" quality="80" props="sizeGrid=0,10,0,10" picType="0" scale="0"/>
   <item name="rune_copy/number.png" type="Image" compress="0" pack="2" quality="80" props="" picType="0" scale="0"/>
   <item name="right_top/dt_zhujiemian_9.png" type="Image" compress="0" pack="2" quality="80" props="" picType="0" scale="0"/>
   <item name="common_sg/9g_tongyong_18.png" type="Image" compress="0" pack="0" quality="80" props="sizeGrid=5,5,5,5" picType="0" scale="0"/>
   <item name="recharge/11.png" type="Image" compress="0" pack="2" quality="80" props="" picType="0" scale="0"/>
   <item name="common_sg/zz_di_04.png" type="Image" compress="0" pack="0" quality="80" props="sizeGrid=0,57,0,53" picType="0" scale="0"/>
   <item name="preview_series/image_gnyl_ditu.png" type="Image" compress="0" pack="2" quality="80" props="" picType="0" scale="0"/>
   <item name="preview_series/image_xgnkq.png" type="Image" compress="0" pack="2" quality="80" props="" picType="0" scale="0"/>
   <item name="pay_plate/bg_daojishidi.png" type="Image" compress="0" pack="2" quality="80" props="" picType="0" scale="0"/>
   <item name="open_boss/dikunag.png" type="Image" compress="0" pack="2" quality="80" props="" picType="0" scale="0"/>
   <item name="common_sg/liaotiankuang.png" type="Image" compress="0" pack="0" quality="80" props="" picType="0" scale="0"/>
   <item name="month_card/txt_mszt_ybyk.png" type="Image" compress="0" pack="2" quality="80" props="" picType="0" scale="0"/>
   <item name="month_card/txt_mszt_ybyk_01.png" type="Image" compress="0" pack="2" quality="80" props="" picType="0" scale="0"/>
   <item name="month_card/txt_ybyk_mzt_01.png" type="Image" compress="0" pack="2" quality="80" props="" picType="0" scale="0"/>
   <item name="month_card/txt_ybyk_mzt_02.png" type="Image" compress="0" pack="2" quality="80" props="" picType="0" scale="0"/>
   <item name="month_card/txt_ybyk_mzt_03.png" type="Image" compress="0" pack="2" quality="80" props="" picType="0" scale="0"/>
   <item name="month_card/txt_ybyk_mzt_04.png" type="Image" compress="0" pack="2" quality="80" props="" picType="0" scale="0"/>
   <item name="month_card/bt_ybyk_di.png" type="Image" compress="0" pack="2" quality="80" props="" picType="0" scale="0"/>
   <item name="mission/guankamingcheng.png" type="Image" compress="0" pack="2" quality="80" props="" picType="0" scale="0"/>
   <item name="mission/shuzi.png" type="Image" compress="0" pack="2" quality="80" props="" picType="0" scale="0"/>
   <item name="marry_ring_buy/bg_libaojiangli.png" type="Image" compress="0" pack="2" quality="80" props="" picType="0" scale="0"/>
   <item name="marry/txt_libaojiangli.png" type="Image" compress="0" pack="2" quality="80" props="" picType="0" scale="0"/>
   <item name="marry/txtbg_xyxt_txtbg02.png" type="Image" compress="0" pack="2" quality="80" props="" picType="0" scale="0"/>
   <item name="common/jingdutiao02.png" type="Image" compress="0" pack="2" quality="80" props="" picType="0" scale="0"/>
   <item name="magic_position/txt_shengweijinsheng_01.png" type="Image" compress="0" pack="2" quality="80" props="" picType="0" scale="0"/>
   <item name="magic_art/msz_xianshu_1.png" type="Image" compress="0" pack="2" quality="80" props="" picType="0" scale="0"/>
   <item name="magic_art/msz_xianshu_2.png" type="Image" compress="0" pack="2" quality="80" props="" picType="0" scale="0"/>
   <item name="adventure/gongxihuode.png" type="Image" compress="0" pack="2" quality="80" props="" picType="0" scale="0"/>
   <item name="adventure/henyihanninshule.png" type="Image" compress="0" pack="2" quality="80" props="" picType="0" scale="0"/>
   <item name="adventure/iamge_qy_sjbg.png" type="Image" compress="0" pack="2" quality="80" props="" picType="0" scale="0"/>
   <item name="adventure/7.png" type="Image" compress="0" pack="2" quality="80" props="" picType="0" scale="0"/>
   <item name="lots_of_gold/baidi_choujiang.png" type="Image" compress="0" pack="2" quality="80" props="" picType="0" scale="0"/>
   <item name="lots_of_gold/di_wenzi.png" type="Image" compress="0" pack="2" quality="80" props="" picType="0" scale="0"/>
   <item name="lots_of_gold/juese.png" type="Image" compress="0" pack="2" quality="80" props="" picType="0" scale="0"/>
   <item name="lots_of_gold/juesedi.png" type="Image" compress="0" pack="2" quality="80" props="" picType="0" scale="0"/>
   <item name="lots_of_gold/txt_dlfl.png" type="Image" compress="0" pack="2" quality="80" props="" picType="0" scale="0"/>
   <item name="lots_of_gold/txt_zlfl.png" type="Image" compress="0" pack="2" quality="80" props="" picType="0" scale="0"/>
   <item name="limit_pack/bg_xslb_djs.png" type="Image" compress="0" pack="2" quality="80" props="" picType="0" scale="0"/>
   <item name="limit_pack/txt_xianshilibao.png" type="Image" compress="0" pack="2" quality="80" props="" picType="0" scale="0"/>
   <item name="left_top/image_mainui_headbg.png" type="Image" compress="0" pack="2" quality="80" props="" picType="0" scale="0"/>
   <item name="left_top/image_mainui_headbg2.png" type="Image" compress="0" pack="2" quality="80" props="" picType="0" scale="0"/>
   <item name="ladder/image_ttdf_dw.png" type="Image" compress="0" pack="2" quality="80" props="" picType="0" scale="0"/>
   <item name="ladder/juxingkuang.png" type="Image" compress="0" pack="2" quality="80" props="" picType="0" scale="0"/>
   <item name="kuanghuan/txt_qmkh_01.png" type="Image" compress="0" pack="2" quality="80" props="" picType="0" scale="0"/>
   <item name="kuanghuan/txt_qmkh_02.png" type="Image" compress="0" pack="2" quality="80" props="" picType="0" scale="0"/>
   <item name="kuanghuan/txt_qmkh_03.png" type="Image" compress="0" pack="2" quality="80" props="" picType="0" scale="0"/>
   <item name="kuanghuan/txt_qmkh_04.png" type="Image" compress="0" pack="2" quality="80" props="" picType="0" scale="0"/>
   <item name="kuanghuan/txt_qmkh_05.png" type="Image" compress="0" pack="2" quality="80" props="" picType="0" scale="0"/>
   <item name="kuang_hai/tishi.png" type="Image" compress="0" pack="2" quality="80" props="" picType="0" scale="0"/>
   <item name="invest_reward/num_common_16.png" type="Image" compress="0" pack="2" quality="80" props="" picType="0" scale="0"/>
   <item name="invest_reward/txt_bbfli_02.png" type="Image" compress="0" pack="2" quality="80" props="" picType="0" scale="0"/>
   <item name="health_point/bg_common_xuetiaoxinxidi_01.png" type="Image" compress="0" pack="2" quality="80" props="" picType="0" scale="0"/>
   <item name="health_point/own_player_hp_0.png" type="Image" compress="0" pack="2" quality="80" props="" picType="0" scale="0"/>
   <item name="festival/bg_daojishidi.png" type="Image" compress="0" pack="2" quality="80" props="" picType="0" scale="0"/>
   <item name="festival/treasure/zs_piaodai_01.png" type="Image" compress="0" pack="2" quality="80" props="" picType="0" scale="0"/>
   <item name="big_tower/number.png" type="Image" compress="0" pack="2" quality="80" props="" picType="0" scale="0"/>
   <item name="born/zuidadengji.png" type="Image" compress="0" pack="2" quality="80" props="" picType="0" scale="0"/>
   <item name="born/txt_zs_ymzsgbdd.png" type="Image" compress="0" pack="2" quality="80" props="" picType="0" scale="0"/>
   <item name="compose/dt_tanchuang_01.png" type="Image" compress="0" pack="2" quality="80" props="" picType="0" scale="0"/>
   <item name="compose/dt_tanchuang_1.png" type="Image" compress="0" pack="2" quality="80" props="" picType="0" scale="0"/>
   <item name="compose/zhuangbeikuang_2.png" type="Image" compress="0" pack="2" quality="80" props="" picType="0" scale="0"/>
   <item name="continue_pay/txt_mssz_01.png" type="Image" compress="0" pack="2" quality="80" props="" picType="0" scale="0"/>
   <item name="discountGift/txtbg_thlb_wbkbg.png" type="Image" compress="0" pack="2" quality="80" props="" picType="0" scale="0"/>
   <item name="dungeon/bj_tongyong_4.png" type="Image" compress="0" pack="2" quality="80" props="" picType="0" scale="0"/>
   <item name="world_boss/X-虚天禁地-仙盟伤害排行.jpg" type="Image" compress="0" pack="0" quality="80" props="" picType="0" scale="0"/>
   <item name="common/msz_tongyong_4.png" type="Image" compress="0" pack="2" quality="80" props="" picType="0" scale="0"/>
   <item name="common/num_common_7.png" type="Image" compress="0" pack="2" quality="80" props="" picType="0" scale="0"/>
   <item name="festival/party/btn_zzqypd_xz_4.png" type="Button" compress="0" pack="0" quality="80" props="labelColors=#FFFFFF,#CC5A67,#CC5A67,#CC5A67@@!@@labelSize=26@@!@@labelStroke=2@@!@@strokeColors=#666699,#FFFFFF,#FFFFFF,#FFFFFF@@!@@labelFont=SimHei@@!@@labelPadding=0,0,0,0" picType="0" scale="0"/>
   <item name="festival/party/btn_zzqypd_xz_3.png" type="Button" compress="0" pack="0" quality="80" props="labelColors=#FFFFFF,#CC5A67,#CC5A67,#CC5A67@@!@@labelSize=26@@!@@labelStroke=2@@!@@strokeColors=#666699,#FFFFFF,#FFFFFF,#FFFFFF@@!@@labelFont=SimHei@@!@@labelPadding=0,0,0,0" picType="0" scale="0"/>
   <item name="festival/party/btn_zzqypd_xz_2.png" type="Button" compress="0" pack="0" quality="80" props="labelColors=#FFFFFF,#CC5A67,#CC5A67,#CC5A67@@!@@labelSize=26@@!@@labelStroke=2@@!@@strokeColors=#666699,#FFFFFF,#FFFFFF,#FFFFFF@@!@@labelFont=SimHei@@!@@labelPadding=0,0,0,0" picType="0" scale="0"/>
   <item name="festival/give_rank/btn_common_01.png" type="Button" compress="0" pack="0" quality="80" props="y=95@@!@@x=126@@!@@name=haoZhaoBtn@@!@@labelSize=20@@!@@labelColors=#D14330,#D14330,#D14330,#D14330@@!@@label=号召赠送@@!@@stateNum=1@@!@@labelFont=SimHei@@!@@labelStrokeColor=#FFF3B4@@!@@labelStroke=2@@!@@sizeGrid=0,44,0,47" picType="0" scale="0"/>
</res>