{
  "deviceOrientation": "portrait",
   "openDataContext": "openDataContext",
  "showStatusBar": false,
  "networkTimeout": {
    "request": 1500000,
    "connectSocket": 1500000,
    "uploadFile": 1500000,
    "downloadFile": 1500000
  },
  "subpackages": [
    {
      "name": "libs",
      "root": "libs/"
    },
    {
      "name": "probuf",
      "root": "protobuf/"
    },
	  {
      "name": "main1",
      "root": "subPackage1/"
    },
    {
      "name": "main2",
      "root": "subPackage2/"
    }
  ]
}