{
	"deviceOrientation": "portrait",
	"networkTimeout": {
		"request": 5000,
		"connectSocket": 5000,
		"uploadFile": 5000,
		"downloadFile": 5000
	},

	"subpackages": [
    {
      "name": "myJs",
      "root": "myJs/"
    },
     {
      "name": "myDebugMainJs",
      "root": "myDebugMainJs/"
    },
    {
      "name": "myDebugthm",
      "root": "myDebugthm/"
    },
     {
      "name": "myMainJs",
      "root": "myMainJs/"
    },
    {
      "name": "mythm",
      "root": "mythm/"
    }
	],

	"openDataContext": "openDataContext",
	"plugins": {}
}