{
  "description": "项目配置文件。",
  "setting": {
    "urlCheck": true,
    "es6": true,
    "enhance": false,
    "postcss": true,
    "preloadBackgroundData": false,
    "minified": true,
    "newFeature": true,
    "coverView": true,
    "nodeModules": false,
    "autoAudits": false,
    "showShadowRootInWxmlPanel": true,
    "scopeDataCheck": false,
    "uglifyFileName": false,
    "checkInvalidKey": true,
    "checkSiteMap": true,
    "uploadWithSourceMap": true,
    "compileHotReLoad": false,
    "lazyloadPlaceholderEnable": false,
    "useMultiFrameRuntime": true,
    "useApiHook": true,
    "useApiHostProcess": true,
    "babelSetting": {
      "ignore": [],
      "disablePlugins": [],
      "outputPath": ""
    },
    "enableEngineNative": false,
    "useIsolateContext": true,
    "userConfirmedBundleSwitch": false,
    "packNpmManually": false,
    "packNpmRelationList": [],
    "minifyWXSS": true,
    "showES6CompileOption": false
  },
  "compileType": "game",
  "libVersion": "2.10.4",
  "appid": "wx57229ab52d6c7cf8",
  "projectname": "%E6%98%9F%E8%81%9A",
  "simulatorType": "wechat",
  "simulatorPluginLibVersion": {},
  "projectType": "game",
  "condition": {
    "search": {
      "list": []
    },
    "conversation": {
      "list": []
    },
    "plugin": {
      "list": []
    },
    "game": {
      "list": [
        {
          "id": 0,
          "name": "广告",
          "query": "ad_code=ft_1_2659_243"
        },
        {
          "id": 1,
          "name": "邀请进入",
          "query": "invite=5ORYZ2G&invite_type=menu&ad_code=ft_0_2659_243"
        },
        {
          "id": -1,
          "name": "广告来源",
          "query": "ad_code=XXXXXXX22222"
        }
      ]
    },
    "miniprogram": {
      "list": []
    }
  }
}