{
	"description": "项目配置文件。",
	"setting": {
		"urlCheck": true,
		"es6": true,
		"postcss": false,
		"minified": false,
		"newFeature": true,
		"nodeModules": true,
		"autoAudits": false,
		"uploadWithSourceMap": false,
		"uglifyFileName": false,
		"remoteDebugLogEnable": false,
		"prefetch": false
	},
	"compileType": "game",
	"libVersion": "1.9.94",
	"appid": "wx5dcb7161710465c8",
	"projectname": "jg_gameA",
	"qqappid": "1111683091",
	"scripts": {
		"beforeCompile": "",
		"beforePreview": "",
		"beforeUpload": ""
	},
	"qqLibVersion": "1.20.0",
	"condition": {
		"search": {
			"current": -1,
			"list": []
		},
		"conversation": {
			"current": -1,
			"list": []
		},
		"game": {
			"currentL": -1,
			"list": []
		},
		"miniprogram": {
			"current": -1,
			"list": []
		}
	}
}