{
    "description": "项目配置文件。",
    "setting": {
        "urlCheck": false,
        "es6": true,
        "enhance": false,
        "postcss": true,
        "preloadBackgroundData": false,
        "minified": true,
        "newFeature": true,
        "coverView": false,
        "nodeModules": false,
        "autoAudits": false,
        "showShadowRootInWxmlPanel": false,
        "scopeDataCheck": false,
        "uglifyFileName": false,
        "checkInvalidKey": true,
        "checkSiteMap": true,
        "uploadWithSourceMap": true,
        "compileHotReLoad": false,
        "lazyloadPlaceholderEnable": false,
        "useMultiFrameRuntime": true,
        "useApiHook": true,
        "useApiHostProcess": true,
        "babelSetting": {
            "ignore": [],
            "disablePlugins": [],
            "outputPath": ""
        },
        "useIsolateContext": false,
        "userConfirmedUseIsolateContext": true,
        "userConfirmedBundleSwitch": false,
        "packNpmManually": false,
        "packNpmRelationList": [],
        "minifyWXSS": true,
        "disableUseStrict": false,
        "showES6CompileOption": false,
        "useCompilerPlugins": false,
        "ignoreUploadUnusedFiles": true
    },
    "compileType": "game",
    "libVersion": "2.30.0",
    "appid": "wx0afadd11dc34b09d",
    "editorSetting": {
        "tabIndent": "insertSpaces",
        "tabSize": 2
    },
    "packOptions": {
        "ignore": [],
        "include": []
    },
    "projectname": "%E6%A2%A6%E5%B9%BB%E5%B0%8F%E9%B9%BF",
    "condition": {}
}