{
    "description": "项目配置文件。",
    "setting": {
        "urlCheck": false,
        "es6": true,
        "newFeature": false,
        "postcss": false,
        "mockUpdate": false,
        "minified": false,
        "nodeModules": false,
        "scripts": false,
        "mockLogin": false
    },
    "compileType": "game",
    "libVersion": "2.1.0",
    "appid": "tt78d10e6ce7e86d6902",
    "projectname": "jg_gameA",
    "simulatorType": "wechat",
    "simulatorPluginLibVersion": {},
    "condition": {
        "search": {
            "list": []
        },
        "conversation": {
            "list": []
        },
        "game": {
            "currentL": -1,
            "list": [],
            "current": -1
        },
        "miniprogram": {
            "list": []
        }
    }
}
