{"0":{"sourcePath":"D:\\laya\\new_client\\bin","outPath":"D:\\laya\\new_client\\release\\web","pngQualityLow":"65","pngQualityHigh":"80","jpgQuality":"85","mergeJs":false,"compressPng":false,"compressJpg":false,"compressJson":false,"jsontypes":"json,atlas,ls,lh,lmat,lav","compressJs":false,"enableVersion":false,"excludeFiles":"","publishType":0,"projectType":"ts","copyOutFiles":"","copyOutPath":"","userCmd":""},"1":{"sourcePath":"D:\\laya\\client_wechat\\bin","outPath":"D:\\laya\\client_wechat\\release\\wxgame","pngQualityLow":"65","pngQualityHigh":"80","jpgQuality":"85","mergeJs":true,"compressPng":false,"compressJpg":false,"compressJson":false,"jsontypes":"json,atlas,ls,lh,lmat,lav","compressJs":false,"enableVersion":false,"excludeFiles":"","publishType":1,"projectType":"ts","copyOutFiles":"","copyOutPath":"","userCmd":""},"pf":1}