{
  "condition": {
    "game": {
      "list": [
        {
          "pathName": "",
          "name": "模拟新版本",
          "query": "",
          "scene": null
        },
        {
          "pathName": "",
          "name": "模拟新版本",
          "query": "",
          "scene": null
        }
      ]
    }
  },
  "description": "项目私有配置文件。此文件中的内容将覆盖 project.config.json 中的相同字段。项目的改动优先同步到此文件中。详见文档：https://developers.weixin.qq.com/miniprogram/dev/devtools/projectconfig.html",
  "projectname": "%E4%B8%8D%E6%9C%BD%E4%BB%99%E8%BF%B9"
}